{
	"1" : [ 0.25 ],
	"2" : [ 1 ],
	"3" : [ 0.583333313465118 ],
	"4" : [ 0.323232352733612 ],
	"5" : [ 0.0 ],
	"6" : [ 0.292929321527481 ],
	"7" : [ 0.200200200080872 ],
	"8" : [ 0.299299329519272 ],
	"9" : [ 0.399399399757385 ],
	"10" : [ 0.5 ]
}
